{"cameraMode":{"drawMode":0,"name":"Shaded","section":"Shading Mode"},"sceneLighting":false,"audioPlay":false,"sceneViewState":{"showFog":true,"showMaterialUpdate":false,"showSkybox":false,"showFlares":true,"showImageEffects":true,"showParticleSystems":true},"in2DMode":false,"pivot":{"x":1.0749810934066773,"y":0.1215471625328064,"z":3.0757956504821779},"rotation":{"x":0.01010612677782774,"y":-0.12804365158081056,"z":-0.0013049428816884757,"w":-0.991716206073761},"size":1.7999427318572999,"orthographic":true}