{"cameraMode":{"drawMode":0,"name":"Shaded","section":"Shading Mode"},"sceneLighting":true,"audioPlay":false,"sceneViewState":{"showFog":true,"showMaterialUpdate":false,"showSkybox":true,"showFlares":true,"showImageEffects":true,"showParticleSystems":true},"in2DMode":false,"pivot":{"x":-3.962587833404541,"y":-0.6246323585510254,"z":7.799493312835693},"rotation":{"x":0.13588199019432069,"y":-0.2526152431964874,"z":0.03585660085082054,"w":0.9573066234588623},"size":35.24346160888672,"orthographic":true}