{"cameraMode":{"drawMode":0,"name":"Shaded","section":"Shading Mode"},"sceneLighting":true,"audioPlay":false,"sceneViewState":{"showFog":true,"showMaterialUpdate":false,"showSkybox":true,"showFlares":true,"showImageEffects":true,"showParticleSystems":true},"in2DMode":false,"pivot":{"x":0.01554621011018753,"y":-0.2168363332748413,"z":2.1593689918518068},"rotation":{"x":-0.15010251104831696,"y":-0.17110095918178559,"z":0.026384664699435235,"w":-0.9733948707580566},"size":15.977399826049805,"orthographic":true}